{"cameraMode":{"drawMode":0,"name":"Shaded","section":"Shading Mode"},"sceneLighting":true,"audioPlay":false,"sceneViewState":{"showFog":true,"showMaterialUpdate":false,"showSkybox":true,"showFlares":true,"showImageEffects":true,"showParticleSystems":true},"in2DMode":false,"pivot":{"x":-3.035654306411743,"y":3.8652591705322267,"z":-5.22088623046875},"rotation":{"x":0.10405388474464417,"y":-0.11905442923307419,"z":-0.012547269463539124,"w":-0.9873405694961548},"size":5.156075477600098,"orthographic":false}